0,a,good,32,76017.00, Industrial,2.9
4, Granite Chicken,will break your teeth,45,24381.00, Music,3.8
5, Granite Mouse, Read her buy condition land myself which. Speak common street option control.,5,50.00, Music,0.8
6, Plastic Pants, Right employee or just few do. Great condition land exactly able reflect sort.,27,67302.00, Electronics,2.0
7, Sleek Shoes, Space system leader charge each do although. Admit information nothing notice out west nature.,24,83707.00, Toys,1.1
8, Handmade Gloves, Accept in about machine spend. Bring huge Republican most. Type student white want.,15,4918.00, Movies,0.2
10, Refined Soft Keyboard,something like that,77,66374.00, Music,1.3
12, Chicken, Husband those how. Her population cup it real wrong hour manage.,16,6833.00, Grocery,3.7
14, Metal Chair, Often body from realize such relationship fine.,24,50.00, Sports,2.5
15, Sausages, Visit same work bank positive six once book. Join policy true.,57,69847.00, Industrial,3.8
34, Concrete Chips, Present stay so partner summer loss practice. Management film couple film why or teach.,42,43571.00, Grocery,1.4
17, For repair Hat, Some service main know. Final technology world well. Outside contain suggest serve or.,16,51912.00, Health,4.5
18, Tasty Concrete Sausages, Third social show. Audience section phone traditional sing top bring nearly.,46,81959.00, Sports,0.8
19, Gorgeous Rubber Bacon, Least general seven gas support state street. Player view area through.,70,64554.00, Baby,3.3
